mes;nave;disponibilidad;rendimiento;calidad;horas;kwh_por_kit;pct_renovable
2022-01;Nave Paterna;0.878;0.8436;0.9838;4919;0.23;0.0
2022-02;Nave Paterna;0.882;0.848;0.9845;4954;0.229;0.0
2022-03;Nave Paterna;0.891;0.8571;0.9823;5904;0.228;0.0
2022-04;Nave Paterna;0.8916;0.847;0.9817;6591;0.227;0.0
2022-05;Nave Paterna;0.8926;0.8612;0.9822;7014;0.226;0.0
2022-06;Nave Paterna;0.8904;0.8649;0.9809;8914;0.225;0.0
2022-07;Nave Paterna;0.8913;0.8556;0.982;10073;0.224;0.0
2022-08;Nave Paterna;0.8807;0.8651;0.9806;7332;0.224;0.0
2022-09;Nave Paterna;0.8923;0.8612;0.984;7570;0.223;0.0
2022-10;Nave Paterna;0.8937;0.867;0.9851;7129;0.222;0.0
2022-11;Nave Paterna;0.8965;0.8617;0.9798;9113;0.221;0.0
2022-12;Nave Paterna;0.8862;0.8639;0.9802;6500;0.22;0.0
2023-01;Nave Paterna;0.8897;0.8594;0.9824;5024;0.219;0.0
2023-02;Nave Paterna;0.8895;0.8494;0.9852;5121;0.218;0.0
2023-03;Nave Paterna;0.894;0.8547;0.9806;6335;0.217;0.0
2023-04;Nave Paterna;0.8869;0.8554;0.9841;7040;0.216;0.0
2023-05;Nave Paterna;0.9021;0.8514;0.9813;7658;0.215;0.0
2023-06;Nave Paterna;0.8827;0.8681;0.984;9577;0.214;0.0
2023-07;Nave Paterna;0.8849;0.8625;0.9818;10836;0.213;0.0
2023-08;Nave Paterna;0.8837;0.8665;0.9861;8159;0.212;0.0
2023-09;Nave Paterna;0.8886;0.8641;0.9827;8559;0.211;0.0
2023-10;Nave Paterna;0.8988;0.8531;0.9835;8168;0.21;0.0
2023-11;Nave Paterna;0.8906;0.8609;0.9841;9967;0.21;0.0
2023-12;Nave Paterna;0.9049;0.871;0.983;7170;0.209;0.0
2024-01;Nave Paterna;0.8903;0.8756;0.9818;5831;0.208;0.0
2024-02;Nave Paterna;0.8911;0.871;0.9864;6071;0.207;0.0
2024-03;Nave Paterna;0.8967;0.8701;0.9866;6893;0.206;0.0
2024-04;Nave Paterna;0.8894;0.8712;0.9864;7599;0.205;0.0
2024-05;Nave Paterna;0.896;0.8647;0.9862;8096;0.204;0.0
2024-06;Nave Paterna;0.8993;0.8771;0.9845;10177;0.203;0.0
2024-07;Nave Paterna;0.9027;0.8725;0.9832;9456;0.202;0.0
2024-07;Nave Riba-roja;0.8037;0.7716;0.9655;1659;0.25;0.0
2024-08;Nave Paterna;0.9004;0.8586;0.9842;7025;0.201;0.0
2024-08;Nave Riba-roja;0.7992;0.758;0.9686;1258;0.248;0.0
2024-09;Nave Paterna;0.9077;0.8716;0.985;7469;0.2;0.0
2024-09;Nave Riba-roja;0.8026;0.7603;0.9698;1450;0.245;0.0
2024-10;Nave Paterna;0.8908;0.8776;0.9854;7323;0.199;0.0
2024-10;Nave Riba-roja;0.8223;0.7685;0.9726;1557;0.243;0.0
2024-11;Nave Paterna;0.9084;0.8702;0.9848;9397;0.198;0.0
2024-11;Nave Riba-roja;0.8163;0.7854;0.9736;1707;0.241;0.0
2024-12;Nave Paterna;0.8928;0.8666;0.9857;6651;0.198;0.0
2024-12;Nave Riba-roja;0.8395;0.781;0.9734;1227;0.238;0.0
2025-01;Nave Paterna;0.8919;0.8699;0.9852;5278;0.197;0.0
2025-01;Nave Riba-roja;0.8381;0.7948;0.9762;1507;0.236;0.0
2025-02;Nave Paterna;0.9057;0.867;0.9838;5350;0.196;0.0
2025-02;Nave Riba-roja;0.851;0.8031;0.9727;1389;0.234;0.0
2025-03;Nave Paterna;0.903;0.8686;0.9827;6552;0.195;0.0
2025-03;Nave Riba-roja;0.8403;0.7891;0.9777;1387;0.232;0.0
2025-04;Nave Paterna;0.9098;0.8628;0.9847;7383;0.194;0.38
2025-04;Nave Riba-roja;0.8555;0.8073;0.9744;1460;0.229;0.0
2025-05;Nave Paterna;0.9102;0.8661;0.9824;7564;0.193;0.38
2025-05;Nave Riba-roja;0.8589;0.8208;0.9807;1437;0.227;0.0
2025-06;Nave Paterna;0.896;0.885;0.9827;9742;0.192;0.38
2025-06;Nave Riba-roja;0.8752;0.8072;0.9804;1862;0.225;0.0
2025-07;Nave Paterna;0.897;0.87;0.9861;10932;0.191;0.38
2025-07;Nave Riba-roja;0.8642;0.8114;0.9809;1864;0.222;0.0
2025-08;Nave Paterna;0.896;0.8856;0.9864;7923;0.19;0.38
2025-08;Nave Riba-roja;0.8723;0.8277;0.9789;1421;0.22;0.0
2025-09;Nave Paterna;0.9064;0.8865;0.9873;8217;0.189;0.38
2025-09;Nave Riba-roja;0.8799;0.842;0.9847;1764;0.218;0.0
2025-10;Nave Paterna;0.9012;0.8847;0.9864;8150;0.188;0.38
2025-10;Nave Riba-roja;0.8781;0.8364;0.987;1299;0.215;0.0
2025-11;Nave Paterna;0.9;0.8824;0.9872;9708;0.187;0.38
2025-11;Nave Riba-roja;0.8891;0.8438;0.9889;1321;0.213;0.0
2025-12;Nave Paterna;0.9085;0.8704;0.9844;7086;0.186;0.38
2025-12;Nave Riba-roja;0.8894;0.8506;0.9864;956;0.211;0.0
2026-01;Nave Paterna;0.9072;0.882;0.9862;6018;0.185;0.38
2026-01;Nave Riba-roja;0.8981;0.8598;0.9867;1308;0.208;0.22
2026-02;Nave Paterna;0.9124;0.8924;0.9867;6265;0.184;0.38
2026-02;Nave Riba-roja;0.9009;0.8693;0.9919;1248;0.206;0.22
2026-03;Nave Paterna;0.8981;0.8797;0.9833;7182;0.184;0.38
2026-03;Nave Riba-roja;0.904;0.8917;0.9884;1219;0.204;0.22
2026-04;Nave Paterna;0.9109;0.8809;0.9833;8093;0.183;0.38
2026-04;Nave Riba-roja;0.9148;0.8994;0.9905;1238;0.202;0.22
2026-05;Nave Paterna;0.9128;0.8853;0.9835;8627;0.182;0.38
2026-05;Nave Riba-roja;0.909;0.9035;0.9878;1239;0.199;0.22
2026-06;Nave Paterna;0.9099;0.8761;0.9877;10821;0.181;0.38
2026-06;Nave Riba-roja;0.909;0.9007;0.9908;1467;0.197;0.22
2026-07;Nave Paterna;0.9064;0.8846;0.9864;11978;0.18;0.38
2026-07;Nave Riba-roja;0.9209;0.9031;0.9898;1539;0.195;0.22
2026-08;Nave Paterna;0.9013;0.8761;0.9855;8982;0.179;0.38
2026-08;Nave Riba-roja;0.9169;0.9116;0.9881;1148;0.192;0.22
2026-09;Nave Paterna;0.9078;0.8817;0.9852;9122;0.178;0.38
2026-09;Nave Riba-roja;0.9108;0.8997;0.9881;1628;0.19;0.22
